feature,block
dfa__central_alpha__dfa_exponent,dfa
dfa__central_beta__dfa_exponent,dfa
dfa__frontal_alpha__dfa_exponent,dfa
dfa__frontal_beta__dfa_exponent,dfa
dfa__occipital_alpha__dfa_exponent,dfa
dfa__occipital_beta__dfa_exponent,dfa
dfa__parietal_alpha__dfa_exponent,dfa
dfa__parietal_beta__dfa_exponent,dfa
dfa__temporal_alpha__dfa_exponent,dfa
dfa__temporal_beta__dfa_exponent,dfa
burst__central_alpha__burst_mean_duration_sec,burst
burst__central_alpha__burst_mean_peak_z,burst
burst__central_alpha__burst_median_duration_sec,burst
burst__central_alpha__burst_rate_per_min,burst
burst__central_alpha__burst_time_fraction,burst
burst__central_alpha__n_bursts,burst
burst__central_beta__burst_mean_duration_sec,burst
burst__central_beta__burst_mean_peak_z,burst
burst__central_beta__burst_median_duration_sec,burst
burst__central_beta__burst_rate_per_min,burst
burst__central_beta__burst_time_fraction,burst
burst__central_beta__n_bursts,burst
burst__frontal_alpha__burst_mean_duration_sec,burst
burst__frontal_alpha__burst_mean_peak_z,burst
burst__frontal_alpha__burst_median_duration_sec,burst
burst__frontal_alpha__burst_rate_per_min,burst
burst__frontal_alpha__burst_time_fraction,burst
burst__frontal_alpha__n_bursts,burst
burst__frontal_beta__burst_mean_duration_sec,burst
burst__frontal_beta__burst_mean_peak_z,burst
burst__frontal_beta__burst_median_duration_sec,burst
burst__frontal_beta__burst_rate_per_min,burst
burst__frontal_beta__burst_time_fraction,burst
burst__frontal_beta__n_bursts,burst
burst__occipital_alpha__burst_mean_duration_sec,burst
burst__occipital_alpha__burst_mean_peak_z,burst
burst__occipital_alpha__burst_median_duration_sec,burst
burst__occipital_alpha__burst_rate_per_min,burst
burst__occipital_alpha__burst_time_fraction,burst
burst__occipital_alpha__n_bursts,burst
burst__occipital_beta__burst_mean_duration_sec,burst
burst__occipital_beta__burst_mean_peak_z,burst
burst__occipital_beta__burst_median_duration_sec,burst
burst__occipital_beta__burst_rate_per_min,burst
burst__occipital_beta__burst_time_fraction,burst
burst__occipital_beta__n_bursts,burst
burst__parietal_alpha__burst_mean_duration_sec,burst
burst__parietal_alpha__burst_mean_peak_z,burst
burst__parietal_alpha__burst_median_duration_sec,burst
burst__parietal_alpha__burst_rate_per_min,burst
burst__parietal_alpha__burst_time_fraction,burst
burst__parietal_alpha__n_bursts,burst
burst__parietal_beta__burst_mean_duration_sec,burst
burst__parietal_beta__burst_mean_peak_z,burst
burst__parietal_beta__burst_median_duration_sec,burst
burst__parietal_beta__burst_rate_per_min,burst
burst__parietal_beta__burst_time_fraction,burst
burst__parietal_beta__n_bursts,burst
burst__temporal_alpha__burst_mean_duration_sec,burst
burst__temporal_alpha__burst_mean_peak_z,burst
burst__temporal_alpha__burst_median_duration_sec,burst
burst__temporal_alpha__burst_rate_per_min,burst
burst__temporal_alpha__burst_time_fraction,burst
burst__temporal_alpha__n_bursts,burst
burst__temporal_beta__burst_mean_duration_sec,burst
burst__temporal_beta__burst_mean_peak_z,burst
burst__temporal_beta__burst_median_duration_sec,burst
burst__temporal_beta__burst_rate_per_min,burst
burst__temporal_beta__burst_time_fraction,burst
burst__temporal_beta__n_bursts,burst
conn__alpha_coh__clustering,conn
conn__alpha_coh__density_75,conn
conn__alpha_coh__mean_strength,conn
conn__alpha_coh__median_strength,conn
conn__alpha_coh__n_roi_used,conn
conn__alpha_imcoh__clustering,conn
conn__alpha_imcoh__density_75,conn
conn__alpha_imcoh__mean_strength,conn
conn__alpha_imcoh__median_strength,conn
conn__alpha_imcoh__n_roi_used,conn
conn__alpha_plv__clustering,conn
conn__alpha_plv__density_75,conn
conn__alpha_plv__mean_strength,conn
conn__alpha_plv__median_strength,conn
conn__alpha_plv__n_roi_used,conn
conn__alpha_wpli__clustering,conn
conn__alpha_wpli__density_75,conn
conn__alpha_wpli__mean_strength,conn
conn__alpha_wpli__median_strength,conn
conn__alpha_wpli__n_roi_used,conn
conn__beta_coh__clustering,conn
conn__beta_coh__density_75,conn
conn__beta_coh__mean_strength,conn
conn__beta_coh__median_strength,conn
conn__beta_coh__n_roi_used,conn
conn__beta_imcoh__clustering,conn
conn__beta_imcoh__density_75,conn
conn__beta_imcoh__mean_strength,conn
conn__beta_imcoh__median_strength,conn
conn__beta_imcoh__n_roi_used,conn
conn__beta_plv__clustering,conn
conn__beta_plv__density_75,conn
conn__beta_plv__mean_strength,conn
conn__beta_plv__median_strength,conn
conn__beta_plv__n_roi_used,conn
conn__beta_wpli__clustering,conn
conn__beta_wpli__density_75,conn
conn__beta_wpli__mean_strength,conn
conn__beta_wpli__median_strength,conn
conn__beta_wpli__n_roi_used,conn
conn__theta_coh__clustering,conn
conn__theta_coh__density_75,conn
conn__theta_coh__mean_strength,conn
conn__theta_coh__median_strength,conn
conn__theta_coh__n_roi_used,conn
conn__theta_imcoh__clustering,conn
conn__theta_imcoh__density_75,conn
conn__theta_imcoh__mean_strength,conn
conn__theta_imcoh__median_strength,conn
conn__theta_imcoh__n_roi_used,conn
conn__theta_plv__clustering,conn
conn__theta_plv__density_75,conn
conn__theta_plv__mean_strength,conn
conn__theta_plv__median_strength,conn
conn__theta_plv__n_roi_used,conn
conn__theta_wpli__clustering,conn
conn__theta_wpli__density_75,conn
conn__theta_wpli__mean_strength,conn
conn__theta_wpli__median_strength,conn
conn__theta_wpli__n_roi_used,conn
event__n_events,event
event__event_rate_per_min,event
event__event_mean_duration_sec,event
event__event_median_duration_sec,event
event__event_mean_z_peak,event
event__event_mean_peak_to_peak,event
event__event_mean_line_length,event
event__event_mean_active_channels,event
